Date,Open,High,Low,Close,Volume,Amount,Turnover
2026-02-03,466.0787505,475.76000043,461.81260631,472.56289003,9608746,4493199060.73,1.3274
2026-02-04,467.60736891,475.570172,464.0805565,470.1750482,6065710,2851083496.85,0.8379
2026-02-05,462.581911,472.0733325,455.07869253,469.69548164,7707065,3566880623.51,1.0647
2026-02-06,467.56740503,479.55656903,464.580105,471.80357631,8336437,3950399259.41,1.1516
2026-02-09,478.65738173,488.31864972,475.570172,483.562948,6953414,3360691566.38,0.9606
2026-02-10,487.50938115,487.50938115,479.8662891,482.4639413,4462013,2155197316.8,0.6164
2026-02-11,478.3676436,480.565657,470.574687,474.571075,4454099,2115590183.28,0.6153
2026-02-12,477.09879041,477.568366,470.96433483,474.62102985,5114860,2426322123.28,0.7062
2026-02-13,479.35674963,496.20152505,474.75091246,485.68103364,11062307,5412244735.93,1.5274
2026-02-24,491.3559046,493.553918,475.60014491,486.88994101,6782773,3294753841.97,0.9365
2026-02-25,488.02891159,499.22878896,480.33586469,495.552112,7889155,3883655146.45,1.0893
2026-02-26,495.552112,498.17973711,482.8635801,488.43854136,6789042,3313328018.57,0.9374
2026-02-27,480.68554864,481.564754,465.579202,471.45389236,8890423,4187505126.6,1.2275
2026-03-02,464.14050232,470.88440707,459.61459291,465.3793826,8285971,3850820274.08,1.1441
2026-03-03,465.56921103,469.34579769,445.67718976,445.75711752,7893303,3596900498.12,1.0899
2026-03-04,442.81977234,455.43836745,442.599971,448.3947336,6347014,2854673206.13,0.8764
2026-03-05,456.3875096,471.83354922,454.55916209,465.85894916,7981772,3707634148.72,1.1021
2026-03-06,463.07146853,470.93436192,460.46382536,464.95976186,4544288,2122639076.71,0.6274
2026-03-09,447.595456,453.14044435,435.1067435,452.23126608,9509381,4213740206.0,1.313
2026-03-10,458.585523,460.1840782,452.15133832,456.587329,5438901,2488145313.58,0.751
2026-03-11,456.51739221,462.26219996,449.65359582,461.57282303,6793463,3093329231.25,0.938
2026-03-12,456.587329,461.582814,450.43289148,457.57643503,6747761,3074791531.76,0.9317
2026-03-13,449.59365,464.2803759,448.6944627,457.46653436,6446872,2966622310.2,0.8901
2026-03-16,455.13863835,457.3866066,441.63084691,454.29939687,7365464,3305741077.97,1.017
2026-03-17,455.59822297,463.94068292,448.594553,449.59365,5399565,2468580509.71,0.7455
2026-03-18,453.2903089,463.581008,451.0922955,462.03240765,6599782,3026579754.21,0.9113
2026-03-19,457.17679623,464.76993343,453.60002897,461.21314811,5104343,2352971888.44,0.7048
2026-03-20,461.06328356,473.59195994,458.0859745,468.29674584,8138508,3819509328.02,1.1237
2026-03-23,461.0832655,461.582814,442.599971,443.98871583,7736931,3490316139.23,1.0683
2026-03-24,449.18402023,453.04053465,437.39467563,443.599068,4730933,2106050782.4,0.6532
2026-03-25,449.4937403,467.1777572,447.98510383,463.7808274,8733651,4041525503.81,1.2059
2026-03-26,459.14501732,461.1831752,445.2975329,445.70716267,6101129,2762834601.22,0.8424
2026-03-27,439.1031315,457.55645309,434.1076465,452.57095906,5805381,2599078395.89,0.8016
2026-03-30,443.70896867,469.58558097,441.72076564,468.41663748,8080625,3706791311.63,1.1157
2026-03-31,464.4801953,466.56830803,446.596359,446.596359,6956601,3161360380.47,0.9605
2026-04-01,454.7889544,460.82350028,449.61363194,450.12317141,6335503,2890025430.03,0.8748
2026-04-02,450.18311723,451.3920246,434.82699634,437.604486,7491523,3301989550.13,1.0344
2026-04-03,438.7034927,440.2021382,423.67707382,426.06491565,6688506,2875203482.75,0.9235
2026-04-07,424.67617082,430.610807,421.86870825,423.69705576,4582385,1950908380.02,0.6327
2026-04-08,436.605389,465.54922909,436.605389,463.56102606,14194804,6447293264.85,1.9599
2026-04-09,460.583717,477.568366,457.59641697,472.41302548,9302856,4380051603.86,1.2845
2026-04-10,474.571075,483.97257777,474.571075,476.45936833,7758320,3723635012.56,1.0712
2026-04-13,475.4702623,480.0661085,466.7781184,472.0733325,6508971,3084163128.58,0.8987
2026-04-14,477.568366,491.555724,475.68007267,481.1651152,7411360,3586896149.53,1.0233
2026-04-15,482.62379682,484.562045,473.56198703,474.571075,6395140,3065523284.7,0.883
2026-04-16,474.571075,477.44847436,467.21772108,473.13237532,6324788,2981816294.76,0.8733
2026-04-17,469.57559,476.0697205,464.3802856,469.48567127,9546522,4481463210.66,1.3181
2026-04-20,446.596359,475.70005461,444.598165,470.80447931,18683743,8616839068.34,2.5797
2026-04-21,471.53382012,471.573784,446.30662087,449.95332492,16005608,7231305511.2,2.2099
2026-04-22,448.594553,477.568366,447.595456,477.51841115,17438281,8193670757.78,2.4078
2026-04-23,477.568366,484.51209015,470.15506626,474.571075,9735285,4647452972.12,1.3442
2026-04-24,474.60104791,484.78184634,463.3811886,472.2731519,12979344,6164129851.71,1.7921
2026-04-27,480.7654764,519.4305303,475.53020812,515.78382625,20432930,10278053348.98,2.8212
2026-04-28,511.07807938,536.76486325,503.544888,516.74295937,13825357,7207868963.68,1.9089
2026-04-29,509.75927134,516.75295034,501.7465134,510.24882887,9302570,4737543676.01,1.2844
2026-04-30,518.71118046,540.67133252,506.63209773,536.50509803,16592589,8805165447.81,2.291
2026-05-06,554.498835,566.487999,544.507865,544.85754895,16027771,8898490130.65,2.213
2026-05-07,554.498835,556.20729087,534.516895,551.64141758,9722165,5339398130.96,1.3424
2026-05-08,542.509671,554.2990156,536.7149084,540.30166663,8245728,4475463103.86,1.1385
2026-05-11,549.48336806,584.471745,547.505156,572.67240943,14462965,8226442870.47,1.9969
2026-05-12,572.67240943,583.472648,563.490708,580.92495065,11213595,6433742980.46,1.5483
2026-05-13,570.47439603,587.469036,550.0028985,580.475357,13838768,7878763219.16,1.9108
2026-05-14,580.475357,592.12482802,562.92122271,563.8903468,10270703,5897833137.07,1.4181
2026-05-15,569.2854706,620.27938148,554.498835,591.465424,23299494,13839689388.25,3.217
2026-05-18,600.457297,622.70718719,592.22473772,597.43003309,17523510,10601040073.13,2.4195
2026-05-19,589.46723,626.60366549,580.9749055,619.1404109,14459460,8822267527.75,1.9965
2026-05-20,617.441946,659.40402,613.445558,655.407632,16405948,10520821530.03,2.2652
2026-05-21,656.2069096,720.9483952,656.1069999,662.39132003,23161869,15989585023.43,3.198
2026-05-22,662.43128391,672.392281,636.424789,668.395893,19856264,12983362651.06,2.7416
2026-05-25,649.54293261,718.40069785,625.54462267,697.55953443,20412185,13734699753.1,2.8184
2026-05-26,689.37693,700.366997,656.06703602,669.64476425,14854783,9987761068.18,2.051
2026-05-27,674.390475,691.375124,650.0125082,654.17874269,13867015,9316824886.55,1.9147
2026-05-28,649.41305,668.06619099,646.29586736,658.404923,11259961,7404040631.89,1.5547
2026-05-29,655.52752364,658.404923,623.21672666,629.30122739,14746088,9395846449.79,2.036
2026-06-01,624.42563403,629.2312906,588.38820524,589.35732933,15100000,9081578562.33,2.0849
2026-06-02,585.5707517,615.23394163,583.66247643,602.2556716,12630618,7607842356.73,1.744
2026-06-03,602.26566257,633.08780502,593.463618,614.28479948,14416128,8857781075.15,1.9905
2026-06-04,609.58904358,637.27402145,605.452782,626.433819,12062030,7582080351.99,1.6654
2026-06-05,614.444655,619.03051023,599.4582,602.81516592,8084336,4927541316.31,1.1162
2026-06-08,569.52525388,598.2592836,567.70689734,585.21107678,9785902,5746335589.32,1.3512
2026-06-09,600.47727894,619.2403206,594.05308523,616.5427587,10200570,6210398732.26,1.4084
2026-06-10,614.444655,640.43116797,609.44917,618.6408624,10691287,6682089136.88,1.4762
2026-06-11,624.28576045,647.414856,619.44014,636.9243375,11366681,7233711953.38,1.5694
2026-06-12,665.58843043,680.37506603,654.58837246,666.58752743,15348001,10273824816.66,2.1191
2026-06-15,669.1951706,687.03904302,639.42208,681.60395534,12564025,8419209358.38,1.7348
2026-06-16,679.38596,681.2842443,659.76369492,671.58301243,8676840,5816489199.76,1.198
2026-06-17,659.79366783,704.363385,656.406729,703.58408934,11347940,7737166593.57,1.5668
2026-06-18,704.34340306,733.21730636,703.0645589,720.38890088,10461144,7528527762.34,1.4444
2026-06-22,739.31179806,757.315526,722.81670659,744.327265,10752660,7964031580.49,1.4847
2026-06-23,748.04390584,761.311914,720.348937,746.81501653,9968569,7407390870.71,1.3764
2026-06-24,726.41345579,773.8006265,726.343519,769.37462679,13108782,9923151131.44,1.81
2026-06-25,777.297466,809.26857,774.300175,797.279406,11883996,9454404907.2,1.6389
2026-06-26,794.282115,827.252316,781.46370049,812.63552689,12403065,10009100572.63,1.7105
2026-06-29,813.29493091,875.06909842,805.15229036,859.41324843,15033537,12540214665.28,2.0733
2026-06-30,889.19633,904.74227932,872.74120241,883.76124232,12768745,11335700671.63,1.7609
2026-07-01,883.76124232,967.125896,883.76124232,934.51536992,14611680,13601836978.9,2.0151
2026-07-02,869.21439,883.201748,841.05983654,841.05983654,12121011,10345919578.72,1.6716
2026-07-03,799.01,846.38,775.0,816.0,16585395,13458518699.28,2.2873
2026-07-06,832.31,834.8,767.97,803.6,15242691,12192666512.04,2.1021
2026-07-07,794.23,835.01,778.69,806.39,13091777,10562009151.62,1.8055
2026-07-08,806.39,830.02,768.0,802.32,14807528,11840891128.66,2.0421
2026-07-09,817.42,880.98,815.0,878.43,15861474,13339467905.2,2.1875
2026-07-10,886.46,905.0,800.99,801.0,19385845,16711117543.24,2.6735
2026-07-13,795.61,813.7,755.0,764.3,16314186,12784581134.16,2.2499
2026-07-14,763.0,782.5,728.01,774.2,16704392,12739965364.65,2.3037
2026-07-15,789.0,793.0,736.5,742.66,12265898,9271597459.65,1.6916
2026-07-16,732.96,745.65,693.7,702.76,13509339,9684632548.17,1.8631
2026-07-17,693.3,707.78,660.01,677.0,16618562,11379353080.14,2.2919
2026-07-20,704.0,716.66,659.1,676.91,17483200,12040705471.24,2.4111
2026-07-21,699.0,744.6,678.43,744.6,14837581,10585799783.52,2.0463
2026-07-22,788.0,809.0,751.0,764.0,22327096,17502385645.17,3.0791
2026-07-23,764.77,769.0,723.0,740.0,13640544,10139412552.06,1.8812
2026-07-24,720.01,778.8,716.0,757.0,15862082,12020960458.02,2.1875
2026-07-27,740.3,778.0,723.14,770.0,14235615,10748228045.84,1.9632
2026-07-28,745.2,771.99,710.01,715.0,13086042,9715725049.65,1.8047
2026-07-29,715.58,727.36,664.02,706.39,15794280,10929790464.46,2.1782
2026-07-30,688.08,711.73,643.5,668.07,16329609,11114290064.24,2.252
2026-07-31,728.0,728.0,686.35,687.0,13874349,9817168903.03,1.9134
2026-08-03,685.0,689.55,636.45,641.3,13141166,8583955270.5,1.8123
2026-08-04,640.0,698.0,632.01,687.0,14500593,9652350613.82,1.9998
2026-08-05,695.0,745.1,679.0,734.2,13771887,9945944277.17,1.8993
2026-08-06,717.5,764.68,709.0,742.5,10759015,7971136881.69,1.4838
2026-08-07,740.5,762.43,736.92,751.99,8535999,6401701514.4,1.1772
2026-08-10,752.04,778.0,744.66,760.0,8728585,6625323318.35,1.2038
2026-08-11,753.03,767.74,742.55,746.1,6720916,5063292167.5,0.9269
2026-08-12,752.0,767.99,746.95,760.0,6496235,4933279966.33,0.8959
2026-08-13,768.37,773.4,738.0,738.6,8214196,6226337477.72,1.1328
2026-08-14,743.84,746.6,728.0,738.66,6721005,4951556900.53,0.9269
2026-08-17,738.5,766.32,732.23,765.97,7845188,5923508077.27,1.0819
2026-08-18,770.0,785.9,757.25,777.0,8166634,6312195098.18,1.1263
2026-08-19,753.88,757.0,708.11,712.95,10891933,7961986718.61,1.5021
2026-08-20,726.01,739.15,704.25,712.55,7937310,5736552582.61,1.0946
2026-08-21,712.0,725.68,709.0,714.43,5798436,4154125728.05,0.7997
2026-08-24,714.0,725.8,695.87,707.9,7778740,5527092656.59,1.0728
2026-08-25,707.5,707.5,676.66,700.4,7521665,5211216972.47,1.0373
2026-08-26,671.3,717.88,669.01,700.7,9796253,6824428489.53,1.351
2026-08-27,700.8,720.0,693.7,718.0,6155403,4375977975.22,0.8489
2026-08-28,717.0,724.51,697.0,697.51,5646311,4000825250.03,0.7787
2026-08-31,683.56,699.79,672.18,699.79,6729010,4613699591.42,0.928
2026-09-01,692.0,698.0,664.44,667.7,7544845,5074661510.94,1.0405
2026-09-02,660.0,671.53,650.2,667.0,5902998,3896696271.04,0.8141
2026-09-03,669.9,672.99,649.01,655.84,5564076,3656788831.16,0.7674
2026-09-04,665.0,666.98,633.27,638.17,6765877,4389924031.4,0.9331
2026-09-07,652.21,667.86,652.02,660.65,8058141,5314211739.99,1.1113
2026-09-08,660.6,664.13,643.9,647.87,5810758,3793925216.51,0.8014
2026-09-09,655.0,655.6,641.99,646.4,3801465,2456899585.74,0.5243
2026-09-10,645.88,647.5,635.87,638.64,3894258,2495550164.68,0.5371
2026-09-11,628.08,636.83,613.84,634.0,6618130,4146423984.14,0.9127
2026-09-14,630.0,633.01,620.01,626.0,4281145,2682289331.33,0.5904
2026-09-15,623.26,654.0,622.5,638.16,6691526,4277067682.59,0.9229
2026-09-16,638.2,673.33,635.01,662.89,9836425,6463950936.49,1.3566
